dataset,representation,embedding_tag,objective,pair_condition,N,run,seed,train_examples,train_pairs,val_pairs,epochs_trained,general_pair_accuracy,same_image_accuracy,mse,mae,pearson,spearman,kendall_c,rating_mode,test_examples,general_test_pairs,same_image_test_pairs
FlickrExpert,vilbert,vilbert,regression,individual_ratings,,1,0,3693,0,0,52,0.8768303186907838,0.8440860215053764,0.23884078860282898,0.3675731122493744,0.7663270674250953,0.6731327427906537,0.5445818659501064,rounded_mean,1161,5805,1488
FlickrExpert,vilbert,vilbert,regression,individual_ratings,,2,1,3693,0,0,35,0.8711455641688199,0.8272849462365591,0.26685023307800293,0.363895058631897,0.7622187668164315,0.6617262162541591,0.5364824793144405,rounded_mean,1161,5805,1488
FlickrExpert,vilbert,vilbert,regression,individual_ratings,,3,2,3693,0,0,38,0.8761412575366063,0.8293010752688172,0.2313092052936554,0.33831214904785156,0.7746378293410316,0.6715564910869806,0.5445383421333051,rounded_mean,1161,5805,1488
FlickrExpert,vilbert,vilbert,regression,individual_ratings,,4,3,3693,0,0,27,0.8726959517657192,0.8225806451612904,0.23991461098194122,0.35102832317352295,0.7636539757922947,0.6612298420429817,0.5356436566633603,rounded_mean,1161,5805,1488
FlickrExpert,vilbert,vilbert,regression,individual_ratings,,5,4,3693,0,0,38,0.8683893195521103,0.8299731182795699,0.23419857025146484,0.33943986892700195,0.7759326421968922,0.6578620139924806,0.5336059506949344,rounded_mean,1161,5805,1488
FlickrExpert,vilbert,vilbert,regression,individual_ratings,,6,5,3693,0,0,33,0.8490956072351421,0.8064516129032258,0.2645357847213745,0.35178694128990173,0.7439485525904956,0.6193725499282388,0.500436845581702,rounded_mean,1161,5805,1488
FlickrExpert,vilbert,vilbert,regression,individual_ratings,,7,6,3693,0,0,45,0.8790697674418605,0.8400537634408602,0.25002118945121765,0.3491956293582916,0.7681979121376514,0.6765484325207602,0.548732455388706,rounded_mean,1161,5805,1488
FlickrExpert,vilbert,vilbert,regression,individual_ratings,,8,7,3693,0,0,47,0.8752799310938846,0.8245967741935484,0.2356998473405838,0.34559205174446106,0.7710302115954164,0.6716761364668155,0.5442534589687873,rounded_mean,1161,5805,1488
FlickrExpert,vilbert,vilbert,regression,individual_ratings,,9,8,3693,0,0,53,0.8785529715762274,0.844758064516129,0.23671476542949677,0.35093221068382263,0.7683919928831529,0.67776606998493,0.548914464077148,rounded_mean,1161,5805,1488
FlickrExpert,vilbert,vilbert,regression,individual_ratings,,10,9,3693,0,0,26,0.8583979328165374,0.8266129032258065,0.25411054491996765,0.353728324174881,0.7627403427426316,0.6533763639356631,0.5291427811174888,rounded_mean,1161,5805,1488
FlickrExpert,vilbert,vilbert,hinge,different_image,1.0,1,0,3693,3693,810,19,0.8654608096468561,0.8393817204301075,8.335739135742188,2.455551862716675,0.7322781140139796,0.6560230433824872,0.5311527901115867,rounded_mean,1161,5805,1488
FlickrExpert,vilbert,vilbert,bradley_terry,different_image,1.0,1,0,3693,3693,810,18,0.8775193798449612,0.8575268817204301,12.921886444091797,2.986036777496338,0.7394370090264317,0.6773915635864715,0.5496148018565875,rounded_mean,1161,5805,1488
FlickrExpert,vilbert,vilbert,hinge,different_image,1.0,2,1,3693,3693,810,20,0.8742463393626184,0.8407258064516129,9.01860237121582,2.363898992538452,0.7424925671215306,0.6677854017077918,0.5410920471847633,rounded_mean,1161,5805,1488
FlickrExpert,vilbert,vilbert,bradley_terry,different_image,1.0,2,1,3693,3693,810,20,0.880275624461671,0.8501344086021505,15.25369644165039,3.1050376892089844,0.7438192627259923,0.6776572148695134,0.5487482822311792,rounded_mean,1161,5805,1488
FlickrExpert,vilbert,vilbert,hinge,different_image,1.0,3,2,3693,3693,810,18,0.8737295434969854,0.8629032258064516,7.945522785186768,2.2755353450775146,0.7371418032265638,0.6731320593043503,0.5460656324319699,rounded_mean,1161,5805,1488
FlickrExpert,vilbert,vilbert,bradley_terry,different_image,1.0,3,2,3693,3693,810,19,0.8716623600344531,0.831989247311828,16.382728576660156,3.115232229232788,0.7368533611350756,0.666456810163815,0.540174090321317,rounded_mean,1161,5805,1488
FlickrExpert,vilbert,vilbert,hinge,different_image,1.0,4,3,3693,3693,810,22,0.8744186046511628,0.8326612903225806,8.658159255981445,2.3621625900268555,0.7296171099879416,0.6620706801223843,0.5354893449492465,rounded_mean,1161,5805,1488
FlickrExpert,vilbert,vilbert,bradley_terry,different_image,1.0,4,3,3693,3693,810,18,0.8745908699397071,0.8501344086021505,12.045170783996582,2.942593574523926,0.7388931708653104,0.6728278329362536,0.5452426366233629,rounded_mean,1161,5805,1488
FlickrExpert,vilbert,vilbert,hinge,different_image,1.0,5,4,3693,3693,810,20,0.8645994832041344,0.8299731182795699,7.826604843139648,2.3830277919769287,0.7323626281728366,0.6540420178610805,0.5294395344138615,rounded_mean,1161,5805,1488
FlickrExpert,vilbert,vilbert,bradley_terry,different_image,1.0,5,4,3693,3693,810,18,0.866838931955211,0.8346774193548387,15.85291862487793,3.2452452182769775,0.7264730009980291,0.66001739466513,0.5343221153168473,rounded_mean,1161,5805,1488
FlickrExpert,vilbert,vilbert,hinge,different_image,1.0,6,5,3693,3693,810,17,0.8744186046511628,0.8508064516129032,4.471365928649902,1.8231244087219238,0.7374532120462618,0.6680234974688275,0.54130966626877,rounded_mean,1161,5805,1488
FlickrExpert,vilbert,vilbert,bradley_terry,different_image,1.0,6,5,3693,3693,810,17,0.8739018087855297,0.8440860215053764,8.639482498168945,2.4196603298187256,0.7329478766362172,0.6638604132609872,0.5379820726387773,rounded_mean,1161,5805,1488
FlickrExpert,vilbert,vilbert,hinge,different_image,1.0,7,6,3693,3693,810,18,0.8675279931093884,0.8528225806451613,10.625757217407227,2.7161760330200195,0.7529731123739793,0.6694596093060997,0.544027926463544,rounded_mean,1161,5805,1488
FlickrExpert,vilbert,vilbert,bradley_terry,different_image,1.0,7,6,3693,3693,810,18,0.8756244616709733,0.8608870967741935,12.475810050964355,2.9661705493927,0.7599775381181644,0.6789977387614735,0.5511223086021609,rounded_mean,1161,5805,1488
FlickrExpert,vilbert,vilbert,hinge,different_image,1.0,8,7,3693,3693,810,18,0.8583979328165374,0.8299731182795699,5.5239129066467285,2.0383095741271973,0.6968179173680937,0.6561427725445141,0.5296096729704486,rounded_mean,1161,5805,1488
FlickrExpert,vilbert,vilbert,bradley_terry,different_image,1.0,8,7,3693,3693,810,18,0.8633936261843238,0.8393817204301075,11.588619232177734,2.837536096572876,0.7064561422204747,0.6640269810779585,0.537285691569956,rounded_mean,1161,5805,1488
FlickrExpert,vilbert,vilbert,hinge,different_image,1.0,9,8,3693,3693,810,21,0.8708010335917312,0.8366935483870968,11.3626127243042,2.5135579109191895,0.7227772504551808,0.6583027744664934,0.5311725736646782,rounded_mean,1161,5805,1488
FlickrExpert,vilbert,vilbert,bradley_terry,different_image,1.0,9,8,3693,3693,810,16,0.8702842377260982,0.8353494623655914,4.445593357086182,1.7601735591888428,0.7160714451557624,0.6645113832548508,0.5362965139153804,rounded_mean,1161,5805,1488
FlickrExpert,vilbert,vilbert,hinge,different_image,1.0,10,9,3693,3693,810,20,0.8649440137812231,0.8306451612903226,9.7035493850708,2.6317265033721924,0.6941760443768885,0.6610771512027673,0.5342825482106641,rounded_mean,1161,5805,1488
FlickrExpert,vilbert,vilbert,bradley_terry,different_image,1.0,10,9,3693,3693,810,17,0.8661498708010336,0.8387096774193549,10.669200897216797,2.7879247665405273,0.7315721291107877,0.658102407149414,0.5334476822702023,rounded_mean,1161,5805,1488
FlickrExpert,vilbert,vilbert,hinge,different_image,2.0,1,0,3693,7386,1620,17,0.876485788113695,0.8366935483870968,5.406174659729004,1.9117405414581299,0.7294773067135907,0.6709732832481282,0.5436045584273855,rounded_mean,1161,5805,1488
FlickrExpert,vilbert,vilbert,bradley_terry,different_image,2.0,1,0,3693,7386,1620,16,0.8797588285960379,0.8494623655913979,6.03765869140625,2.043982744216919,0.7337422180659701,0.6777479774410365,0.5500698235776924,rounded_mean,1161,5805,1488
FlickrExpert,vilbert,vilbert,hinge,different_image,2.0,2,1,3693,7386,1620,17,0.8689061154177433,0.8326612903225806,5.337961196899414,1.9869377613067627,0.7374428487703426,0.6624692143716048,0.5360511978570456,rounded_mean,1161,5805,1488
FlickrExpert,vilbert,vilbert,bradley_terry,different_image,2.0,2,1,3693,7386,1620,16,0.8804478897502154,0.8461021505376344,7.393924713134766,2.3606982231140137,0.7404751483795309,0.6739410866083085,0.5459271475603293,rounded_mean,1161,5805,1488
FlickrExpert,vilbert,vilbert,hinge,different_image,2.0,3,2,3693,7386,1620,16,0.8720068906115418,0.8514784946236559,5.994828701019287,2.1274662017822266,0.7380231354229778,0.6696611350617383,0.5427776059081603,rounded_mean,1161,5805,1488
FlickrExpert,vilbert,vilbert,bradley_terry,different_image,2.0,3,2,3693,7386,1620,16,0.8770025839793282,0.8521505376344086,8.612724304199219,2.457037925720215,0.7199192031204689,0.6720960660421316,0.5441941083095126,rounded_mean,1161,5805,1488
FlickrExpert,vilbert,vilbert,hinge,different_image,2.0,4,3,3693,7386,1620,18,0.8637381567614125,0.8252688172043011,5.597480297088623,1.9955543279647827,0.684374722089558,0.6497058572828235,0.5234372044058961,rounded_mean,1161,5805,1488
FlickrExpert,vilbert,vilbert,bradley_terry,different_image,2.0,4,3,3693,7386,1620,18,0.8756244616709733,0.8393817204301075,11.151800155639648,2.790203094482422,0.7157623692054358,0.6693664289964119,0.541388800481136,rounded_mean,1161,5805,1488
FlickrExpert,vilbert,vilbert,hinge,different_image,2.0,5,4,3693,7386,1620,18,0.8728682170542635,0.8467741935483871,10.168442726135254,2.786892890930176,0.713622548798071,0.6680566708072898,0.5406647224379866,rounded_mean,1161,5805,1488
FlickrExpert,vilbert,vilbert,bradley_terry,different_image,2.0,5,4,3693,7386,1620,17,0.8761412575366063,0.8413978494623656,14.455851554870605,3.1131715774536133,0.733733929065238,0.6723873502663511,0.5448469655615327,rounded_mean,1161,5805,1488
FlickrExpert,vilbert,vilbert,hinge,different_image,2.0,6,5,3693,7386,1620,18,0.8766580534022395,0.8514784946236559,10.841750144958496,2.77614164352417,0.7312778567948612,0.6767084518418024,0.5494921438274202,rounded_mean,1161,5805,1488
FlickrExpert,vilbert,vilbert,bradley_terry,different_image,2.0,6,5,3693,7386,1620,18,0.8830318690783807,0.8440860215053764,17.88309097290039,3.477102041244507,0.739664458730033,0.6805003900142264,0.552064005729317,rounded_mean,1161,5805,1488
FlickrExpert,vilbert,vilbert,hinge,different_image,2.0,7,6,3693,7386,1620,17,0.8680447889750216,0.8279569892473119,7.452425003051758,2.3841476440429688,0.7344062988809128,0.6620182589276962,0.5365853537905164,rounded_mean,1161,5805,1488
FlickrExpert,vilbert,vilbert,bradley_terry,different_image,2.0,7,6,3693,7386,1620,17,0.8714900947459087,0.8467741935483871,14.160566329956055,3.1694836616516113,0.7183196473183102,0.6693059603016979,0.5408190341521004,rounded_mean,1161,5805,1488
FlickrExpert,vilbert,vilbert,hinge,different_image,2.0,8,7,3693,7386,1620,19,0.8670111972437554,0.834005376344086,8.769231796264648,2.5173535346984863,0.7213339641995162,0.6625515458088544,0.5370522456434761,rounded_mean,1161,5805,1488
FlickrExpert,vilbert,vilbert,bradley_terry,different_image,2.0,8,7,3693,7386,1620,17,0.8742463393626184,0.8521505376344086,9.45531177520752,2.6403491497039795,0.7451862220532348,0.6676946214979124,0.5412819692944418,rounded_mean,1161,5805,1488
FlickrExpert,vilbert,vilbert,hinge,different_image,2.0,9,8,3693,7386,1620,17,0.8761412575366063,0.8501344086021505,5.918231010437012,2.0422372817993164,0.7322117769995202,0.6742579918374998,0.5447658529938575,rounded_mean,1161,5805,1488
FlickrExpert,vilbert,vilbert,bradley_terry,different_image,2.0,9,8,3693,7386,1620,16,0.875452196382429,0.8440860215053764,8.731348037719727,2.518470287322998,0.7476639355290047,0.6784794885789935,0.5495198408017483,rounded_mean,1161,5805,1488
FlickrExpert,vilbert,vilbert,hinge,different_image,2.0,10,9,3693,7386,1620,17,0.8809646856158484,0.844758064516129,7.83162260055542,2.4538345336914062,0.7531936683168396,0.6775586120486499,0.5505248452987972,rounded_mean,1161,5805,1488
FlickrExpert,vilbert,vilbert,bradley_terry,different_image,2.0,10,9,3693,7386,1620,18,0.8821705426356589,0.8393817204301075,16.46642303466797,3.4049642086029053,0.7472461430801189,0.6761590437592404,0.5482180830083266,rounded_mean,1161,5805,1488
FlickrExpert,vilbert,vilbert,hinge,different_image,3.0,1,0,3693,11079,2430,18,0.8757967269595176,0.8528225806451613,8.881988525390625,2.4339354038238525,0.7588105200117639,0.6795840465414316,0.5512172696570001,rounded_mean,1161,5805,1488
FlickrExpert,vilbert,vilbert,bradley_terry,different_image,3.0,1,0,3693,11079,2430,16,0.8714900947459087,0.8514784946236559,6.051658630371094,2.098240613937378,0.7001138314398077,0.6656226790693653,0.5361422022012665,rounded_mean,1161,5805,1488
FlickrExpert,vilbert,vilbert,hinge,different_image,3.0,2,1,3693,11079,2430,16,0.8680447889750216,0.8474462365591398,5.432936191558838,2.0447185039520264,0.7240428296968275,0.662702635968242,0.5371392932770788,rounded_mean,1161,5805,1488
FlickrExpert,vilbert,vilbert,bradley_terry,different_image,3.0,2,1,3693,11079,2430,16,0.8752799310938846,0.8494623655913979,8.340975761413574,2.3949685096740723,0.739119445469612,0.6742613462422099,0.5479490266862821,rounded_mean,1161,5805,1488
FlickrExpert,vilbert,vilbert,hinge,different_image,3.0,3,2,3693,11079,2430,16,0.8714900947459087,0.8353494623655914,7.083061695098877,2.1857824325561523,0.7419446683581157,0.6695889853656171,0.5429714847284571,rounded_mean,1161,5805,1488
FlickrExpert,vilbert,vilbert,bradley_terry,different_image,3.0,3,2,3693,11079,2430,16,0.8809646856158484,0.8413978494623656,9.243990898132324,2.4830310344696045,0.7305855806751627,0.679441502165633,0.5511460488658707,rounded_mean,1161,5805,1488
FlickrExpert,vilbert,vilbert,hinge,different_image,3.0,4,3,3693,11079,2430,17,0.8652885443583118,0.823252688172043,6.422567367553711,2.2156269550323486,0.746883729404999,0.6499495091260689,0.5262781226298376,rounded_mean,1161,5805,1488
FlickrExpert,vilbert,vilbert,bradley_terry,different_image,3.0,4,3,3693,11079,2430,17,0.8689061154177433,0.8252688172043011,11.417703628540039,2.8812615871429443,0.7116298857325063,0.6557038111828356,0.5299736903473324,rounded_mean,1161,5805,1488
FlickrExpert,vilbert,vilbert,hinge,different_image,3.0,5,4,3693,11079,2430,16,0.875968992248062,0.8615591397849462,6.2060160636901855,2.121016263961792,0.7268769454672181,0.6726204852396999,0.5460300220364052,rounded_mean,1161,5805,1488
FlickrExpert,vilbert,vilbert,bradley_terry,different_image,3.0,5,4,3693,11079,2430,16,0.8766580534022395,0.8568548387096774,11.097372055053711,2.8453359603881836,0.7413686811112257,0.6733913607791524,0.5455512600515906,rounded_mean,1161,5805,1488
FlickrExpert,vilbert,vilbert,hinge,different_image,3.0,6,5,3693,11079,2430,16,0.8751076658053403,0.8400537634408602,5.842488765716553,2.0994203090667725,0.7220291943965549,0.6701814533414853,0.5417923849642029,rounded_mean,1161,5805,1488
FlickrExpert,vilbert,vilbert,bradley_terry,different_image,3.0,6,5,3693,11079,2430,17,0.8706287683031869,0.8366935483870968,11.107474327087402,2.819380760192871,0.7125403334055136,0.6636583350233545,0.5353706436306974,rounded_mean,1161,5805,1488
FlickrExpert,vilbert,vilbert,hinge,different_image,3.0,7,6,3693,11079,2430,16,0.8701119724375538,0.8508064516129032,7.1719584465026855,2.294584274291992,0.7103967971539191,0.6705326065563074,0.5428606968311447,rounded_mean,1161,5805,1488
FlickrExpert,vilbert,vilbert,bradley_terry,different_image,3.0,7,6,3693,11079,2430,16,0.8801033591731267,0.8474462365591398,9.19404411315918,2.5425589084625244,0.7180634397758325,0.6762455554869146,0.5484000916967686,rounded_mean,1161,5805,1488
FlickrExpert,vilbert,vilbert,hinge,different_image,3.0,8,7,3693,11079,2430,17,0.8723514211886305,0.8454301075268817,4.916569709777832,1.8711612224578857,0.7111618333503316,0.6736776577581507,0.5429675280178389,rounded_mean,1161,5805,1488
FlickrExpert,vilbert,vilbert,bradley_terry,different_image,3.0,8,7,3693,11079,2430,16,0.8816537467700258,0.8561827956989247,7.396834373474121,2.2787744998931885,0.7377923674150884,0.6812397502207016,0.5529621790396717,rounded_mean,1161,5805,1488
FlickrExpert,vilbert,vilbert,hinge,different_image,3.0,9,8,3693,11079,2430,17,0.8740740740740741,0.8387096774193549,5.282699108123779,1.9683765172958374,0.751372054395059,0.6740679548950159,0.5459588012452757,rounded_mean,1161,5805,1488
FlickrExpert,vilbert,vilbert,bradley_terry,different_image,3.0,9,8,3693,11079,2430,16,0.8749354005167959,0.8461021505376344,7.724753379821777,2.371997833251953,0.735916592359672,0.6779843799198751,0.547921329711954,rounded_mean,1161,5805,1488
FlickrExpert,vilbert,vilbert,hinge,different_image,3.0,10,9,3693,11079,2430,17,0.8635658914728682,0.8387096774193549,5.166717529296875,1.958362102508545,0.6923160751124069,0.6540785998118824,0.5267054473766143,rounded_mean,1161,5805,1488
FlickrExpert,vilbert,vilbert,bradley_terry,different_image,3.0,10,9,3693,11079,2430,16,0.8742463393626184,0.844758064516129,7.606863975524902,2.387178897857666,0.7397304212862252,0.6673010127596666,0.5413057095581516,rounded_mean,1161,5805,1488
FlickrExpert,vilbert,vilbert,hinge,different_image,4.0,1,0,3693,14772,3240,16,0.8685615848406546,0.8360215053763441,3.7619175910949707,1.7212717533111572,0.723506174805415,0.6573467976072705,0.5308639502364505,rounded_mean,1161,5805,1488
FlickrExpert,vilbert,vilbert,bradley_terry,different_image,4.0,1,0,3693,14772,3240,16,0.8770025839793282,0.8521505376344086,10.033350944519043,2.6879279613494873,0.7466145263091448,0.6810265509994715,0.552234144285904,rounded_mean,1161,5805,1488
FlickrExpert,vilbert,vilbert,hinge,different_image,4.0,2,1,3693,14772,3240,16,0.8718346253229974,0.8434139784946236,3.6894679069519043,1.6482518911361694,0.7566817927080649,0.6646627335799926,0.5398219430762881,rounded_mean,1161,5805,1488
FlickrExpert,vilbert,vilbert,bradley_terry,different_image,4.0,2,1,3693,14772,3240,16,0.8806201550387597,0.8541666666666666,7.2350335121154785,2.287357807159424,0.7482437118981125,0.6790328082232295,0.5499392521272883,rounded_mean,1161,5805,1488
FlickrExpert,vilbert,vilbert,hinge,different_image,4.0,3,2,3693,14772,3240,16,0.8768303186907838,0.855510752688172,7.164419174194336,2.248811960220337,0.6977214360725554,0.6718327297933439,0.5420495711543926,rounded_mean,1161,5805,1488
FlickrExpert,vilbert,vilbert,bradley_terry,different_image,4.0,3,2,3693,14772,3240,16,0.8773471145564169,0.8461021505376344,10.174504280090332,2.6269218921661377,0.7523456184440533,0.6745472904540838,0.547699753917329,rounded_mean,1161,5805,1488
FlickrExpert,vilbert,vilbert,hinge,different_image,4.0,4,3,3693,14772,3240,16,0.8756244616709733,0.844758064516129,6.632946014404297,2.2339088916778564,0.7193553955217737,0.6728882795830223,0.5448192685872045,rounded_mean,1161,5805,1488
FlickrExpert,vilbert,vilbert,bradley_terry,different_image,4.0,4,3,3693,14772,3240,16,0.8751076658053403,0.844758064516129,9.271385192871094,2.59562611579895,0.7340160092047938,0.670483051594505,0.542472939190551,rounded_mean,1161,5805,1488
FlickrExpert,vilbert,vilbert,hinge,different_image,4.0,5,4,3693,14772,3240,17,0.8723514211886305,0.8454301075268817,11.918631553649902,2.899874210357666,0.7396174847854979,0.6765734613482376,0.549856161204304,rounded_mean,1161,5805,1488
FlickrExpert,vilbert,vilbert,bradley_terry,different_image,4.0,5,4,3693,14772,3240,16,0.8752799310938846,0.842741935483871,11.527690887451172,2.917813777923584,0.707565551951916,0.6695876448505442,0.5414837615359753,rounded_mean,1161,5805,1488
FlickrExpert,vilbert,vilbert,hinge,different_image,4.0,6,5,3693,14772,3240,18,0.878380706287683,0.8407258064516129,13.003778457641602,3.0893502235412598,0.7341413456882719,0.6765292508083701,0.5485425332790275,rounded_mean,1161,5805,1488
FlickrExpert,vilbert,vilbert,bradley_terry,different_image,4.0,6,5,3693,14772,3240,16,0.8776916451335056,0.8407258064516129,15.463048934936523,3.2959036827087402,0.7500805960607551,0.6756449650480066,0.5486177107807753,rounded_mean,1161,5805,1488
FlickrExpert,vilbert,vilbert,hinge,different_image,4.0,7,6,3693,14772,3240,17,0.8761412575366063,0.842741935483871,12.972136497497559,3.0354087352752686,0.7510979747891255,0.6770427033579581,0.550065866867074,rounded_mean,1161,5805,1488
FlickrExpert,vilbert,vilbert,bradley_terry,different_image,4.0,7,6,3693,14772,3240,16,0.8747631352282516,0.8440860215053764,13.11371898651123,3.0502166748046875,0.7550245529771473,0.6692924140441202,0.5446807837155639,rounded_mean,1161,5805,1488
FlickrExpert,vilbert,vilbert,hinge,different_image,4.0,8,7,3693,14772,3240,16,0.8711455641688199,0.8541666666666666,6.239283561706543,2.117910861968994,0.7327385621746885,0.6669823846737157,0.5405539345406741,rounded_mean,1161,5805,1488
FlickrExpert,vilbert,vilbert,bradley_terry,different_image,4.0,8,7,3693,14772,3240,16,0.8787252368647718,0.8501344086021505,11.611119270324707,2.8495099544525146,0.7415646648472496,0.6797660258721508,0.5515971138763572,rounded_mean,1161,5805,1488
FlickrExpert,vilbert,vilbert,hinge,different_image,4.0,9,8,3693,14772,3240,16,0.8739018087855297,0.8461021505376344,6.726325511932373,2.1443440914154053,0.7452653013869792,0.6732461486019755,0.5449102729314255,rounded_mean,1161,5805,1488
FlickrExpert,vilbert,vilbert,bradley_terry,different_image,4.0,9,8,3693,14772,3240,16,0.8811369509043928,0.8588709677419355,10.629618644714355,2.6905484199523926,0.7358936116899031,0.6827431775611281,0.5528236941680311,rounded_mean,1161,5805,1488
FlickrExpert,vilbert,vilbert,hinge,different_image,4.0,10,9,3693,14772,3240,16,0.8621877691645133,0.8333333333333334,7.10398006439209,2.3383591175079346,0.7134413327651998,0.6551910641674965,0.5289726425609018,rounded_mean,1161,5805,1488
FlickrExpert,vilbert,vilbert,bradley_terry,different_image,4.0,10,9,3693,14772,3240,16,0.8756244616709733,0.842741935483871,14.152402877807617,3.2300822734832764,0.7483955210842055,0.673825617109309,0.5465048273106016,rounded_mean,1161,5805,1488
FlickrExpert,vilbert,vilbert,hinge,different_image,5.0,1,0,3693,18465,4050,16,0.8744186046511628,0.8373655913978495,8.477017402648926,2.493032693862915,0.7380809513028623,0.6680779823511935,0.5421840993154149,rounded_mean,1161,5805,1488
FlickrExpert,vilbert,vilbert,bradley_terry,different_image,5.0,1,0,3693,18465,4050,16,0.8792420327304048,0.8467741935483871,14.157094955444336,3.163215160369873,0.7593503244713702,0.6737041197020709,0.5479331998438088,rounded_mean,1161,5805,1488
FlickrExpert,vilbert,vilbert,hinge,different_image,5.0,2,1,3693,18465,4050,16,0.8725236864771748,0.8293010752688172,5.430456161499023,1.9779915809631348,0.7103648374420288,0.6617111619171244,0.5330084873915707,rounded_mean,1161,5805,1488
FlickrExpert,vilbert,vilbert,bradley_terry,different_image,5.0,2,1,3693,18465,4050,16,0.8821705426356589,0.8528225806451613,9.151388168334961,2.450556516647339,0.7419314754638924,0.6826423567169699,0.5526219019264976,rounded_mean,1161,5805,1488
FlickrExpert,vilbert,vilbert,hinge,different_image,5.0,3,2,3693,18465,4050,16,0.8757967269595176,0.8440860215053764,5.476222038269043,2.0310451984405518,0.7472706345782854,0.6695543700915337,0.5434977272406915,rounded_mean,1161,5805,1488
FlickrExpert,vilbert,vilbert,bradley_terry,different_image,5.0,3,2,3693,18465,4050,16,0.8745908699397071,0.834005376344086,13.380423545837402,3.111400842666626,0.7438892931812688,0.6644994288589222,0.5390424710844824,rounded_mean,1161,5805,1488
FlickrExpert,vilbert,vilbert,hinge,different_image,5.0,4,3,3693,18465,4050,16,0.8578811369509044,0.8151881720430108,7.593327045440674,2.3327298164367676,0.7260342506268884,0.6430396566190295,0.5206595935518477,rounded_mean,1161,5805,1488
FlickrExpert,vilbert,vilbert,bradley_terry,different_image,5.0,4,3,3693,18465,4050,16,0.8726959517657192,0.8353494623655914,15.68752384185791,3.3911423683166504,0.7524398037659239,0.6678320198832833,0.5415272853527766,rounded_mean,1161,5805,1488
FlickrExpert,vilbert,vilbert,hinge,different_image,5.0,5,4,3693,18465,4050,16,0.8671834625322997,0.8306451612903226,6.718103885650635,2.248823881149292,0.7179262094726084,0.6629375965114594,0.5372936049911926,rounded_mean,1161,5805,1488
FlickrExpert,vilbert,vilbert,bradley_terry,different_image,5.0,5,4,3693,18465,4050,16,0.8768303186907838,0.8481182795698925,14.245484352111816,3.2406022548675537,0.7434963847750851,0.6732506684307571,0.5464019528345256,rounded_mean,1161,5805,1488
FlickrExpert,vilbert,vilbert,hinge,different_image,5.0,6,5,3693,18465,4050,16,0.868733850129199,0.8481182795698925,9.975849151611328,2.754709482192993,0.7161983397646878,0.6658210748352424,0.5386923021947626,rounded_mean,1161,5805,1488
FlickrExpert,vilbert,vilbert,bradley_terry,different_image,5.0,6,5,3693,18465,4050,16,0.8711455641688199,0.844758064516129,14.073352813720703,3.153111696243286,0.727682503389218,0.6746113617830558,0.5468213641600658,rounded_mean,1161,5805,1488
FlickrExpert,vilbert,vilbert,hinge,different_image,5.0,7,6,3693,18465,4050,16,0.8795865633074935,0.853494623655914,12.577892303466797,3.1325557231903076,0.7615478738686363,0.6806928509381298,0.5535754691855086,rounded_mean,1161,5805,1488
FlickrExpert,vilbert,vilbert,bradley_terry,different_image,5.0,7,6,3693,18465,4050,16,0.883204134366925,0.8467741935483871,20.104639053344727,3.9042952060699463,0.758717468352188,0.6766071298577384,0.5498027456109569,rounded_mean,1161,5805,1488
FlickrExpert,vilbert,vilbert,hinge,different_image,5.0,8,7,3693,18465,4050,16,0.8652885443583118,0.8346774193548387,7.073885440826416,2.3453476428985596,0.6650805615172857,0.6562214263844918,0.5280705125399288,rounded_mean,1161,5805,1488
FlickrExpert,vilbert,vilbert,bradley_terry,different_image,5.0,8,7,3693,18465,4050,17,0.8763135228251507,0.8494623655913979,20.590675354003906,3.8567750453948975,0.7260297560860067,0.6697495605510623,0.543584774874294,rounded_mean,1161,5805,1488
FlickrExpert,vilbert,vilbert,hinge,different_image,5.0,9,8,3693,18465,4050,16,0.8742463393626184,0.8293010752688172,6.352874755859375,2.109764814376831,0.7490935673453407,0.6643146979446325,0.5396161941241363,rounded_mean,1161,5805,1488
FlickrExpert,vilbert,vilbert,bradley_terry,different_image,5.0,9,8,3693,18465,4050,16,0.8749354005167959,0.8387096774193549,15.94989013671875,3.3145229816436768,0.7356186534210138,0.6729413048914112,0.5459627579558941,rounded_mean,1161,5805,1488
FlickrExpert,vilbert,vilbert,hinge,different_image,5.0,10,9,3693,18465,4050,16,0.8770025839793282,0.842741935483871,8.630139350891113,2.534365177154541,0.7173089834373059,0.667592120600324,0.5420970516818122,rounded_mean,1161,5805,1488
FlickrExpert,vilbert,vilbert,bradley_terry,different_image,5.0,10,9,3693,18465,4050,16,0.8778639104220499,0.8407258064516129,15.406098365783691,3.307222604751587,0.7271701715152261,0.6769332838151424,0.5492230875053755,rounded_mean,1161,5805,1488
FlickrExpert,vilbert,vilbert,hinge,same_image,,1,0,3693,4723,989,17,0.8704565030146425,0.8360215053763441,6.302597522735596,2.1624808311462402,0.7297184888227264,0.6582773531855902,0.5338196130683227,rounded_mean,1161,5805,1488
FlickrExpert,vilbert,vilbert,bradley_terry,same_image,,1,0,3693,4723,989,17,0.8702842377260982,0.8474462365591398,10.495722770690918,2.6856729984283447,0.7175128296649262,0.6636525231849797,0.537756540133534,rounded_mean,1161,5805,1488
FlickrExpert,vilbert,vilbert,hinge,same_image,,2,1,3693,4723,989,18,0.85770887166236,0.8205645161290323,3.9280288219451904,1.6188098192214966,0.7248806603500952,0.645814813852566,0.5234530312483694,rounded_mean,1161,5805,1488
FlickrExpert,vilbert,vilbert,bradley_terry,same_image,,2,1,3693,4723,989,17,0.8702842377260982,0.8413978494623656,5.2034010887146,1.9048311710357666,0.713314387547257,0.6640246572245265,0.5373015184124292,rounded_mean,1161,5805,1488
FlickrExpert,vilbert,vilbert,hinge,same_image,,3,2,3693,4723,989,17,0.8739018087855297,0.8467741935483871,9.132041931152344,2.450019598007202,0.7419955548586046,0.6640842175438951,0.5394856226737323,rounded_mean,1161,5805,1488
FlickrExpert,vilbert,vilbert,bradley_terry,same_image,,3,2,3693,4723,989,16,0.8718346253229974,0.842741935483871,8.686226844787598,2.3086578845977783,0.7424202062484255,0.6637469677633641,0.5389395966084066,rounded_mean,1161,5805,1488
FlickrExpert,vilbert,vilbert,hinge,same_image,,4,3,3693,4723,989,18,0.8554694229112834,0.8279569892473119,7.33069372177124,2.259451389312744,0.7083606169049119,0.6412829248449158,0.5190492123301984,rounded_mean,1161,5805,1488
FlickrExpert,vilbert,vilbert,bradley_terry,same_image,,4,3,3693,4723,989,18,0.8633936261843238,0.8420698924731183,10.204507827758789,2.6530709266662598,0.7141176010073025,0.6537594734423683,0.5293366599377857,rounded_mean,1161,5805,1488
FlickrExpert,vilbert,vilbert,hinge,same_image,,5,4,3693,4723,989,20,0.8632213608957795,0.8326612903225806,7.82658052444458,2.345609426498413,0.7263019395059533,0.6527913261173528,0.5283237420195002,rounded_mean,1161,5805,1488
FlickrExpert,vilbert,vilbert,bradley_terry,same_image,,5,4,3693,4723,989,18,0.8642549526270457,0.8346774193548387,11.13343620300293,2.8118977546691895,0.7127204913161052,0.656224636565324,0.5319045651290641,rounded_mean,1161,5805,1488
FlickrExpert,vilbert,vilbert,hinge,same_image,,6,5,3693,4723,989,17,0.866838931955211,0.8387096774193549,7.062418460845947,2.25639009475708,0.6983079290785099,0.6570028707635979,0.5313526039978109,rounded_mean,1161,5805,1488
FlickrExpert,vilbert,vilbert,bradley_terry,same_image,,6,5,3693,4723,989,17,0.8680447889750216,0.8487903225806451,7.427664756774902,2.2239954471588135,0.7334784431396315,0.6665335149654302,0.5401582634788439,rounded_mean,1161,5805,1488
FlickrExpert,vilbert,vilbert,hinge,same_image,,7,6,3693,4723,989,18,0.8751076658053403,0.8561827956989247,7.081555366516113,2.2914180755615234,0.7406429322423946,0.672026685567937,0.5451991128065616,rounded_mean,1161,5805,1488
FlickrExpert,vilbert,vilbert,bradley_terry,same_image,,7,6,3693,4723,989,17,0.8716623600344531,0.8494623655913979,8.715147018432617,2.4638705253601074,0.7485022640499892,0.6706795252444487,0.5447401343748385,rounded_mean,1161,5805,1488
FlickrExpert,vilbert,vilbert,hinge,same_image,,8,7,3693,4723,989,17,0.8642549526270457,0.844758064516129,6.172168731689453,2.137848138809204,0.7258076003541163,0.6557455744007776,0.5320667902644146,rounded_mean,1161,5805,1488
FlickrExpert,vilbert,vilbert,bradley_terry,same_image,,8,7,3693,4723,989,18,0.8589147286821706,0.8528225806451613,9.518869400024414,2.5355889797210693,0.7016212304231715,0.647413642652202,0.5246044340382955,rounded_mean,1161,5805,1488
FlickrExpert,vilbert,vilbert,hinge,same_image,,9,8,3693,4723,989,16,0.869250645994832,0.8366935483870968,7.631812572479248,2.2692887783050537,0.7185663015629871,0.6545979303436811,0.5295780192855022,rounded_mean,1161,5805,1488
FlickrExpert,vilbert,vilbert,bradley_terry,same_image,,9,8,3693,4723,989,16,0.8678725236864772,0.8461021505376344,6.987884998321533,2.213794469833374,0.7336984043049029,0.6616071970359699,0.535520998634193,rounded_mean,1161,5805,1488
FlickrExpert,vilbert,vilbert,hinge,same_image,,10,9,3693,4723,989,20,0.866322136089578,0.844758064516129,10.196426391601562,2.7093982696533203,0.6854112447260832,0.6558698763066547,0.5298826860031115,rounded_mean,1161,5805,1488
FlickrExpert,vilbert,vilbert,bradley_terry,same_image,,10,9,3693,4723,989,16,0.8706287683031869,0.8407258064516129,4.812474727630615,1.9316455125808716,0.7277739005194803,0.6568885222455302,0.5331786259481577,rounded_mean,1161,5805,1488
